name,link
Mazda MX-5 Miata,https://hotwheels.fandom.com/wiki/Mazda_MX-5_Miata_(2025)
Batman and Robin Batmobile,https://hotwheels.fandom.com/wiki/Batman_and_Robin_Batmobile
Monster High Ghoul Mobile,https://hotwheels.fandom.com/wiki/Monster_High_Ghoul_Mobile
Nissan Skyline GT-R (BNR32),https://hotwheels.fandom.com/wiki/Nissan_Skyline_GT-R_(BNR32)
Purple Passion,https://hotwheels.fandom.com/wiki/Purple_Passion
Kowloon'd Hypervan,https://hotwheels.fandom.com/wiki/Kowloon%27d_Hypervan
Small Bloc,https://hotwheels.fandom.com/wiki/Small_Bloc
Mazda Autozam,https://hotwheels.fandom.com/wiki/Mazda_Autozam
Tesla Model S Plaid,https://hotwheels.fandom.com/wiki/Tesla_Model_S_Plaid
Deora III,https://hotwheels.fandom.com/wiki/Deora_III
Kei Swap,https://hotwheels.fandom.com/wiki/Kei_Swap
Custom '53 Chevy,https://hotwheels.fandom.com/wiki/Custom_%2753_Chevy
Nerve Hammer,https://hotwheels.fandom.com/wiki/Nerve_Hammer
Draftnator,https://hotwheels.fandom.com/wiki/Draftnator
Morgan Super 3,https://hotwheels.fandom.com/wiki/Morgan_Super_3
'87 Audi quattro,https://hotwheels.fandom.com/wiki/%2787_Audi_quattro
Ford Performance Supervan 4,https://hotwheels.fandom.com/wiki/Ford_Performance_Supervan_4
Alpha Pursuit,https://hotwheels.fandom.com/wiki/Alpha_Pursuit
Super Twin Mill,https://hotwheels.fandom.com/wiki/Super_Twin_Mill
'21 Ford Bronco,https://hotwheels.fandom.com/wiki/%2721_Ford_Bronco
'67 Chevy C10,https://hotwheels.fandom.com/wiki/%2767_Chevy_C10
Bogzilla,https://hotwheels.fandom.com/wiki/Bogzilla
Power Wheels Dune Racer,https://hotwheels.fandom.com/wiki/Bogzilla
Kick Kart,https://hotwheels.fandom.com/wiki/Kick_Kart
Custom Cadillac Fleetwood,https://hotwheels.fandom.com/wiki/Custom_Cadillac_Fleetwood
Max Steel,https://hotwheels.fandom.com/wiki/Max_Steel
Nissan Skyline 2000GT-R LBWK,https://hotwheels.fandom.com/wiki/Nissan_Skyline_2000GT-R_LBWK_(Tooned)
Twin Mill Gen-E,https://hotwheels.fandom.com/wiki/Twin_Mill_Gen-E
'90 Honda Civic EF,https://hotwheels.fandom.com/wiki/%2790_Honda_Civic_EF
'94 Audi Avant RS2,https://hotwheels.fandom.com/wiki/%2794_Audi_Avant_RS2
Standard Kart,https://hotwheels.fandom.com/wiki/Standard_Kart
X-34 Landspeeder,https://hotwheels.fandom.com/wiki/X-34_Landspeeder
Fish'd & Chip'd,https://hotwheels.fandom.com/wiki/Fish%27d_%26_Chip%27d
Fiat 500e,https://hotwheels.fandom.com/wiki/Fiat_500e
Ford Mustang GTD,https://hotwheels.fandom.com/wiki/Ford_Mustang_GTD
The Vanster,https://hotwheels.fandom.com/wiki/The_Vanster
DMC DeLorean,https://hotwheels.fandom.com/wiki/DMC_DeLorean
Crescendo,https://hotwheels.fandom.com/wiki/Crescendo
Proton Saga,https://hotwheels.fandom.com/wiki/Proton_Saga
2020 Ram 1500 Rebel,https://hotwheels.fandom.com/wiki/2020_Ram_1500_Rebel
Donut Drifter,https://hotwheels.fandom.com/wiki/Donut_Drifter
Lamborghini Huracán Sterrato,https://hotwheels.fandom.com/wiki/Lamborghini_Hurac%C3%A1n_Sterrato
Haulerback,https://hotwheels.fandom.com/wiki/Haulerback
'80 El Camino,https://hotwheels.fandom.com/wiki/%2780_El_Camino
1988 Jeep Wagoneer,https://hotwheels.fandom.com/wiki/1988_Jeep_Wagoneer
'55 Chevy,https://hotwheels.fandom.com/wiki/%2755_Chevy_(2006)
Hirohata Merc,https://hotwheels.fandom.com/wiki/Hirohata_Merc
Mazda REPU,https://hotwheels.fandom.com/wiki/Mazda_REPU
Subaru BRZ,https://hotwheels.fandom.com/wiki/Subaru_BRZ
'22 Ford Maverick Custom,https://hotwheels.fandom.com/wiki/%2722_Ford_Maverick_Custom
'66 Buick Riviera,https://hotwheels.fandom.com/wiki/%2766_Buick_Riviera
'69 Corvette Racer,https://hotwheels.fandom.com/wiki/%2769_Corvette_Racer
Mercedes-Benz 500 E,https://hotwheels.fandom.com/wiki/Mercedes-Benz_500_E
'70 Chevy Camaro RS,https://hotwheels.fandom.com/wiki/%2770_Chevy_Camaro_RS
Batman: Arkham Asylum Batmobile,https://hotwheels.fandom.com/wiki/Arkham_Asylum_Batmobile
Humvee,https://hotwheels.fandom.com/wiki/Humvee
'70 Dodge Power Wagon,https://hotwheels.fandom.com/wiki/%2770_Dodge_Power_Wagon
Mailed It!,https://hotwheels.fandom.com/wiki/Mailed_It!
Maserati Shamal,https://hotwheels.fandom.com/wiki/Maserati_Shamal
Oracle Red Bull Racing,https://hotwheels.fandom.com/wiki/Formula_1
Williams Racing,https://hotwheels.fandom.com/wiki/Formula_1
Mercedes-AMG Petronas Formula One Team,https://hotwheels.fandom.com/wiki/Formula_1
Supercharged,https://hotwheels.fandom.com/wiki/Supercharged
Hi-Roller II,https://hotwheels.fandom.com/wiki/Hi-Roller_II
Datsun 240Z,https://hotwheels.fandom.com/wiki/Datsun_240Z
Monteracer,https://hotwheels.fandom.com/wiki/Monteracer
Arrow Dynamic,https://hotwheels.fandom.com/wiki/Arrow_Dynamic
El Viento,https://hotwheels.fandom.com/wiki/El_Viento
Street Shrieker,https://hotwheels.fandom.com/wiki/Street_Shrieker
Rodger Dodger,https://hotwheels.fandom.com/wiki/Rodger_Dodger
Draggin' Wagon,https://hotwheels.fandom.com/wiki/Draggin%27_Wagon
Hi-Roller,https://hotwheels.fandom.com/wiki/Hi-Roller
HW50 Concept,https://hotwheels.fandom.com/wiki/HW50_Concept
Punk Rod,https://hotwheels.fandom.com/wiki/Punk_Rod
Cupra e-Racer,https://hotwheels.fandom.com/wiki/Cupra_e-Racer
2020 Ford Mustang Shelby GT500,https://hotwheels.fandom.com/wiki/2020_Ford_Mustang_Shelby_GT500
Porsche 911 GT3,https://hotwheels.fandom.com/wiki/Porsche_911_GT3
Jaguar Mk1,https://hotwheels.fandom.com/wiki/Jaguar_Mk1
'74 Brazilian Dodge Charger,https://hotwheels.fandom.com/wiki/1974_Brazilian_Dodge_Charger
BMW 2002,https://hotwheels.fandom.com/wiki/BMW_2002
'71 Lamborghini Miura SV,https://hotwheels.fandom.com/wiki/%2771_Lamborghini_Miura_SV
Toyota GR86 Cup,https://hotwheels.fandom.com/wiki/Toyota_GR86_Cup
'15 Mazda MX-5 Miata,https://hotwheels.fandom.com/wiki/%2715_Mazda_MX-5_Miata
Chevy Blazer 4×4,https://hotwheels.fandom.com/wiki/Blazer_4%C3%974
Tesla Cyberquad,https://hotwheels.fandom.com/wiki/Tesla_Cyberquad
K.I.T.T.,https://hotwheels.fandom.com/wiki/K.I.T.T.
Gotta Go,https://hotwheels.fandom.com/wiki/Gotta_Go
Street Wiener,https://hotwheels.fandom.com/wiki/Street_Wiener
Silverado EV RST,https://hotwheels.fandom.com/wiki/Silverado_EV_RST
'70 Plymouth Superbird,https://hotwheels.fandom.com/wiki/%2770_Plymouth_Superbird
Ain't Fare,https://hotwheels.fandom.com/wiki/Ain%27t_Fare
Stockar,https://hotwheels.fandom.com/wiki/Stockar
Gordon Murray Automotive T.33,https://hotwheels.fandom.com/wiki/Gordon_Murray_Automotive_T.33
Cruise Bruiser,https://hotwheels.fandom.com/wiki/Cruise_Bruiser
Dune It Up,https://hotwheels.fandom.com/wiki/Dune_It_Up
1975 Datsun Sunny Truck (B120),https://hotwheels.fandom.com/wiki/1975_Datsun_Sunny_Truck_(B120)
'99 Ford F-150 SVT Lightning,https://hotwheels.fandom.com/wiki/%2799_Ford_F-150_SVT_Lightning
Pedal Driver,https://hotwheels.fandom.com/wiki/Pedal_Driver
'23 Ram 1500,https://hotwheels.fandom.com/wiki/%2723_Ram_1500
Mid Mill,https://hotwheels.fandom.com/wiki/Mid_Mill
Hako Type D,https://hotwheels.fandom.com/wiki/Hako_Type_D
Cadillac Project GTP Hypercar,https://hotwheels.fandom.com/wiki/Cadillac_Project_GTP_Hypercar
Porsche 904 Carrera GTS,https://hotwheels.fandom.com/wiki/Porsche_904_Carrera_GTS
Chevy Super Volt,https://hotwheels.fandom.com/wiki/Super_Volt
'76 Chevy Chevette,https://hotwheels.fandom.com/wiki/%2776_Chevy_Chevette
TV Series Batmobile,https://hotwheels.fandom.com/wiki/TV_Series_Batmobile
Optimus Prime,https://hotwheels.fandom.com/wiki/Optimus_Prime
RD-06,https://hotwheels.fandom.com/wiki/RD-06
Sushi Tuner,https://hotwheels.fandom.com/wiki/Sushi_Tuner
Aston Martin DB4GT High-Speed Edition,https://hotwheels.fandom.com/wiki/Aston_Martin_DB4GT_High-Speed_Edition
Slide-Burn,https://hotwheels.fandom.com/wiki/Slide-Burn
Power Rocket,https://hotwheels.fandom.com/wiki/Power_Rocket
Rig Storm,https://hotwheels.fandom.com/wiki/Rig_Storm
'58 Chevy Impala,https://hotwheels.fandom.com/wiki/%2758_Impala
Later Crater,https://hotwheels.fandom.com/wiki/Later_Crater
Ford Escort,https://hotwheels.fandom.com/wiki/Escort_Rally
Drift-Ender,https://hotwheels.fandom.com/wiki/Drift-Ender
'75 Chevy Blazer Custom,https://hotwheels.fandom.com/wiki/%2775_Chevy_Blazer_Custom
Slide Kick,https://hotwheels.fandom.com/wiki/Slide_Kick
Flippin Fast,https://hotwheels.fandom.com/wiki/Flippin_Fast
Skull Shaker,https://hotwheels.fandom.com/wiki/Skull_Shaker
'91 GMC Syclone,https://hotwheels.fandom.com/wiki/%2791_GMC_Syclone
Custom Kia EV6,https://hotwheels.fandom.com/wiki/Custom_Kia_EV6
'67 Ford Mustang Coupe,https://hotwheels.fandom.com/wiki/%2767_Ford_Mustang_Coupe
Range Rover Velar,https://hotwheels.fandom.com/wiki/Range_Rover_Velar
2018 Honda Civic Type R,https://hotwheels.fandom.com/wiki/2018_Honda_Civic_Type_R
Futurismo,https://hotwheels.fandom.com/wiki/Futurismo
2020 Koenigsegg Jesko,https://hotwheels.fandom.com/wiki/2020_Koenigsegg_Jesko
HW Formula Solar,https://hotwheels.fandom.com/wiki/HW_Formula_Solar
'92 Ford Mustang,https://hotwheels.fandom.com/wiki/%2792_Ford_Mustang
RRRoadster,https://hotwheels.fandom.com/wiki/RRRoadster
'68 Dodge Dart,https://hotwheels.fandom.com/wiki/%2768_Dodge_Dart
'20 Jeep Gladiator,https://hotwheels.fandom.com/wiki/%2720_Jeep_Gladiator
'71 Dodge Challenger,https://hotwheels.fandom.com/wiki/%2771_Dodge_Challenger
Snoopy,https://hotwheels.fandom.com/wiki/Snoopy
Monster Dairy Delivery,https://hotwheels.fandom.com/wiki/Monster_Dairy_Delivery
'68 Corvette - Gas Monkey Garage,https://hotwheels.fandom.com/wiki/%2768_Corvette_-_Gas_Monkey_Garage
Long Bloc,https://hotwheels.fandom.com/wiki/Long_Bloc
Salt Shaker,https://hotwheels.fandom.com/wiki/Salt_Shaker
Rapid Pulse,https://hotwheels.fandom.com/wiki/Rapid_Pulse
Pixel Shaker,https://hotwheels.fandom.com/wiki/Pixel_Shaker
Custom '53 Cadillac,https://hotwheels.fandom.com/wiki/Custom_%2753_Cadillac
Ford Model A Custom '31,https://hotwheels.fandom.com/wiki/Ford_Model_A_Custom_%2731
'85 Honda City Turbo II,https://hotwheels.fandom.com/wiki/%2785_Honda_City_Turbo_II
McLaren W1,https://hotwheels.fandom.com/wiki/McLaren_W1
Birthday Burner,https://hotwheels.fandom.com/wiki/Birthday_Burner
Nissan Skyline GT-R (BCNR33),https://hotwheels.fandom.com/wiki/Nissan_Skyline_GT-R_(BCNR33)
Batmobile,https://hotwheels.fandom.com/wiki/The_Brave_and_the_Bold_Batmobile
Minecart,https://hotwheels.fandom.com/wiki/Minecart
Chevy El Camino,https://hotwheels.fandom.com/wiki/1967_El_Camino
Cone Shaker,https://hotwheels.fandom.com/wiki/Cone_Shaker
Quick Bite,https://hotwheels.fandom.com/wiki/Good_Humor_Truck
Honda CB750 Café,https://hotwheels.fandom.com/wiki/Honda_CB750_Caf%C3%A9
Rodger Dodger 2.0,https://hotwheels.fandom.com/wiki/Rodger_Dodger_2.0
'19 Chevy Silverado Trail Boss LT,https://hotwheels.fandom.com/wiki/%2719_Chevy_Silverado_Trail_Boss_LT
Buns of Steel,https://hotwheels.fandom.com/wiki/Buns_of_Steel
Porsche 911 Rallye,https://hotwheels.fandom.com/wiki/Porsche_911_Rallye
Big-Air Bel-Air,https://hotwheels.fandom.com/wiki/Big-Air_Bel-Air
HW Ultimate T-Rex Transporter,https://hotwheels.fandom.com/wiki/HW_Ultimate_T-Rex_Transporter
'83 Chevy Silverado,https://hotwheels.fandom.com/wiki/%2783_Chevy_Silverado
Hoto Roto,https://hotwheels.fandom.com/wiki/Hoto_Roto
Ford GT,https://hotwheels.fandom.com/wiki/Ford_GT
Crate Racer,https://hotwheels.fandom.com/wiki/Crate_Racer
'67 Shelby GT500,https://hotwheels.fandom.com/wiki/%2767_Shelby_GT500_(2010)
2018 Bentley Continental GT3,https://hotwheels.fandom.com/wiki/2018_Bentley_Continental_GT3
'95 Mazda RX-7 Drift,https://hotwheels.fandom.com/wiki/%2795_Mazda_RX-7_Drift
'70 Dodge Hemi Challenger,https://hotwheels.fandom.com/wiki/%2770_Dodge_Hemi_Challenger
'69 Mercury Cyclone,https://hotwheels.fandom.com/wiki/%2769_Mercury_Cyclone
Disney Steamboat,https://hotwheels.fandom.com/wiki/Disney_Steamboat
Mattel Dream Mobile,https://hotwheels.fandom.com/wiki/Mattel_Dream_Mobile
Nissan Leaf NISMO RC_02,https://hotwheels.fandom.com/wiki/Nissan_Leaf_NISMO_RC_02
'67 Austin Mini Van,https://hotwheels.fandom.com/wiki/%2767_Austin_Mini_Van
Madfast,https://hotwheels.fandom.com/wiki/Madfast
Amaru GTC,https://hotwheels.fandom.com/wiki/Amaru_GTC
Renault Espace F1,https://hotwheels.fandom.com/wiki/Renault_Espace_F1
1978 Dodge Li'l Red Express Truck,https://hotwheels.fandom.com/wiki/1978_Dodge_Li%27l_Red_Express_Truck
Peugeot 9X8 Hypercar,https://hotwheels.fandom.com/wiki/Peugeot_9X8_Hypercar
'71 Mustang Funny Car,https://hotwheels.fandom.com/wiki/%2771_Mustang_Funny_Car
'96 Dodge Viper GTS,https://hotwheels.fandom.com/wiki/%2796_Dodge_Viper_GTS
Vespa 90 SS Super Sprint (1966),https://hotwheels.fandom.com/wiki/Vespa_90_SS_Super_Sprint_(1966)
'17 Ford F-150 Raptor,https://hotwheels.fandom.com/wiki/%2717_Ford_F-150_Raptor
'15 Land Rover Defender Double Cab,https://hotwheels.fandom.com/wiki/%2715_Land_Rover_Defender_Double_Cab
Chill Mill,https://hotwheels.fandom.com/wiki/Chill_Mill
Honda Motocompo,https://hotwheels.fandom.com/wiki/Honda_Motocompo
'62 Corvette Gasser,https://hotwheels.fandom.com/wiki/%2762_Corvette_Gasser
Drift'n Break,https://hotwheels.fandom.com/wiki/Drift%27n_Break
Track Dwagon,https://hotwheels.fandom.com/wiki/Track_Dwagon
BMW 635 CSi,https://hotwheels.fandom.com/wiki/BMW_635_CSi
'89 Mercedes-Benz 560 SEC AMG,https://hotwheels.fandom.com/wiki/%2789_Mercedes-Benz_560_SEC_AMG
Porsche 911 Carrera Clip,https://hotwheels.fandom.com/wiki/Porsche_911_Carrera_Clip
Decidedly Go,https://hotwheels.fandom.com/wiki/Decidedly_Go
'67 Mustang,https://hotwheels.fandom.com/wiki/%2767_Mustang
Gordon Murray Automotive T.50s,https://hotwheels.fandom.com/wiki/Gordon_Murray_Automotive_T.50s
Ferrari SF90 Stradale,https://hotwheels.fandom.com/wiki/Ferrari_SF90_Stradale
Czinger 21C,https://hotwheels.fandom.com/wiki/Czinger_21C
'68 Lotus Type 49,https://hotwheels.fandom.com/wiki/%2767_Lotus_Type_49
Formula E Gen3,https://hotwheels.fandom.com/wiki/Formula_E_Gen3
Alfa Romeo Giulia TI Super,https://hotwheels.fandom.com/wiki/Alfa_Romeo_Giulia_TI_Super
Mazda RX-3,https://hotwheels.fandom.com/wiki/Mazda_RX-3_(Tooned)
Hot Wheengs,https://hotwheels.fandom.com/wiki/Hot_Wheengs
Ferrari F40 Competizione,https://hotwheels.fandom.com/wiki/Ferrari_F40_Competizione
Audi 90 quattro,https://hotwheels.fandom.com/wiki/Audi_90_quattro
VW T3 Custom,https://hotwheels.fandom.com/wiki/VW_T3_Custom
Honda Civic Custom,https://hotwheels.fandom.com/wiki/Honda_Civic_Custom
Chevroletor,https://hotwheels.fandom.com/wiki/Chevroletor
Lil' Roar,https://hotwheels.fandom.com/wiki/Lil%27_Roar
Terra-Tracktyl,https://hotwheels.fandom.com/wiki/Terra-Tracktyl
Pontiac Aztek Custom,https://hotwheels.fandom.com/wiki/Pontiac_Aztek_Custom
Speed Driver,https://hotwheels.fandom.com/wiki/Speed_Driver
Ravenger S/T,https://hotwheels.fandom.com/wiki/Ravenger_S/T
'69 Dodge Coronet Superbee,https://hotwheels.fandom.com/wiki/%2769_Dodge_Coronet_Superbee
McLaren Speedtail,https://hotwheels.fandom.com/wiki/McLaren_Speedtail
Land Rover Defender 90,https://hotwheels.fandom.com/wiki/Land_Rover_Defender_90
Custom '18 Ford Mustang GT,https://hotwheels.fandom.com/wiki/Custom_%2718_Ford_Mustang_GT
Honda S800 Racing,https://hotwheels.fandom.com/wiki/Honda_S800_Racing
Lotus Cortina,https://hotwheels.fandom.com/wiki/Lotus_Cortina
2013 SRT Viper,https://hotwheels.fandom.com/wiki/2013_SRT_Viper
Blitzspeeder,https://hotwheels.fandom.com/wiki/Blitzspeeder
Quick Chat,https://hotwheels.fandom.com/wiki/Quick_Chat
King Kuda,https://hotwheels.fandom.com/wiki/King_Kuda
Mod Mill,https://hotwheels.fandom.com/wiki/Mod_Mill
Ford Mustang Dark Horse,https://hotwheels.fandom.com/wiki/Ford_Mustang_Dark_Horse
Porsche 911 GT3 RS,https://hotwheels.fandom.com/wiki/Porsche_911_GT3_RS_(2016)
'94 Bugatti EB110 SS,https://hotwheels.fandom.com/wiki/%2794_Bugatti_EB110_SS
Ferrari 365 GTB4 Competizione,https://hotwheels.fandom.com/wiki/Ferrari_365_GTB4_Competizione
Layin' Lowrider,https://hotwheels.fandom.com/wiki/Layin%27_Lowrider
Honda VFR750R (RC30),https://hotwheels.fandom.com/wiki/Honda_VFR750R_(RC30)
Pagani Utopia,https://hotwheels.fandom.com/wiki/Pagani_Utopia
Mazda 787B,https://hotwheels.fandom.com/wiki/Mazda_787B
Volvo 240 Drift Wagon,https://hotwheels.fandom.com/wiki/Volvo_240_Drift_Wagon
Twin Dorado,https://hotwheels.fandom.com/wiki/Twin_Dorado
Shark Bite,https://hotwheels.fandom.com/wiki/Shark_Bite
'73 Pontiac Firebird,https://hotwheels.fandom.com/wiki/%2773_Pontiac_Firebird
'73 Honda Civic Custom,https://hotwheels.fandom.com/wiki/%2773_Honda_Civic_Custom
1966 Bat Boat,https://hotwheels.fandom.com/wiki/1966_Bat_Boat
Custom '56 Ford Truck,https://hotwheels.fandom.com/wiki/Custom_%2756_Ford_Truck
Feline Lucky,https://hotwheels.fandom.com/wiki/Feline_Lucky
1966 Triumph Tiger 100,https://hotwheels.fandom.com/wiki/1966_Triumph_Tiger_100
Limited Grip,https://hotwheels.fandom.com/wiki/Limited_Grip
McMurtry Spéirling,https://hotwheels.fandom.com/wiki/McMurtry_Sp%C3%A9irling
Jaguar XJC V12 Coupe,https://hotwheels.fandom.com/wiki/Jaguar_XJC_V12_Coupe
Porsche 911 Turbo Cabriolet,https://hotwheels.fandom.com/wiki/Porsche_911_Turbo_Cabriolet
'20 Dodge Charger Hellcat,https://hotwheels.fandom.com/wiki/%2720_Dodge_Charger_Hellcat
Mo-Stash,https://hotwheels.fandom.com/wiki/Mo-Stash
El Segundo Rallye,https://hotwheels.fandom.com/wiki/El_Segundo_Rallye
Gone Mad,https://hotwheels.fandom.com/wiki/Gone_Mad
BMW M3 Wagon,https://hotwheels.fandom.com/wiki/BMW_M3_Wagon
'84 Audi Sport quattro,https://hotwheels.fandom.com/wiki/%2784_Audi_Sport_quattro
Ford RS200,https://hotwheels.fandom.com/wiki/Ford_RS200
Polestar TRX,https://hotwheels.fandom.com/wiki/Polestar_TRX
Triumph TR6,https://hotwheels.fandom.com/wiki/Triumph_TR6
1983 Porsche 928S,https://hotwheels.fandom.com/wiki/1983_Porsche_928S
